parameters,mean,std,mcse,ess_bulk,ess_tail,rhat,ess_per_sec
beta.1,2.1650887333111486,2.6092815870172967,0.6500887050157185,18.093523282505995,41.0613572580699,1.1063120289097845,
beta.2,1.757197388169755,0.6260790981827858,0.15598807718423874,18.0762541794124,41.709278377066845,1.107423319485337,
beta.3,0.3916948000430454,0.07224815157431703,0.013743528974304689,29.03272705075078,118.11585516633865,1.048948427377433,
sigma,0.882619667472998,0.018297207378083782,0.0005383347490754533,1158.0898688164532,1012.708131051011,1.0008372749739198,
