parameters,mean,std,mcse,ess_bulk,ess_tail,rhat,ess_per_sec
beta.1,3.643543117634027,2.7119398820111114,0.0855838693037037,1010.3784539201154,695.1222457601546,1.000583402037973,
beta.2,1.402275056473644,0.6506672549382009,0.020535162014726417,1009.9267753393183,694.5363325862077,1.0005737774049195,
beta.3,0.42189788295502423,0.0741426399617376,0.0017248121803417585,1841.779183497056,2343.984956755393,1.000477105295394,
sigma,0.8816495783171441,0.018070421974441926,9.205199643315332e-5,38530.406857055495,49365.13881638095,1.0000306844362967,
