parameters,mean,std,mcse,ess_bulk,ess_tail,rhat,ess_per_sec
beta.1,-61535.9593865887,9715.941914165905,157.12931506523205,3906.200351057771,2950.7987132562057,1.000287663951743,
beta.2,1265.598390735401,145.00360818878897,2.3467291687661507,3900.154706471846,2930.6016237139106,1.000290084777675,
sigma,18885.47399553942,387.87091026765586,1.3219288353626393,86107.86975635999,83969.6212116502,1.0001077614123104,
