parameters,mean,std,mcse,ess_bulk,ess_tail,rhat,ess_per_sec
beta.1,-61159.32482935712,9458.783559192447,286.6518670486433,1055.8597835171909,1038.2687406334778,1.0008639394316408,
beta.2,1260.0293750713724,141.10928930172457,4.278185156761805,1055.705758182089,965.3959936285926,1.0007914215205032,
sigma,18888.514475563537,392.4325660159595,3.717051111691614,11193.411828231896,11352.23682175517,1.0000751581937937,
