round,n_scans,n_tempered_restarts,global_barrier,global_barrier_variational,last_round_max_time,last_round_max_allocation,stepping_stone
1,2,0,0.0,,0.482053166,3.2342744e7,0.0
2,4,0,0.0,,0.109866875,24800.0,0.0
3,8,2,0.0,,0.332358542,42656.0,0.0
4,16,6,0.0,,0.5289175,73448.0,0.0
5,32,0,3.459643557414907,,0.401739584,2.2689848e7,-12682.256617640967
6,64,0,2.3079853666059567,,0.562786959,1.9028816e7,-12902.631533190413
