parameters,mean,std,mcse,ess_bulk,ess_tail,rhat,ess_per_sec
beta.1,5.224025744553767,0.09223431041413027,0.0005885048346475618,24739.655144871245,34261.90151475964,1.0001136730883844,
beta.2,0.6123652377889595,0.1997861675159071,0.0016438428378399495,15035.958815682052,16449.602175618416,1.000252938410802,
beta.3,0.2920160320452557,0.24817533898614635,0.0020663818381047435,14706.35220295524,16426.80326168253,1.000261137599375,
beta.4,-0.5272592571742747,0.12163484703463606,0.0006464379028949102,35509.89561263158,51376.20042705219,1.0000373377321554,
sigma,0.34797011879756773,0.03962869552240048,0.00019699506216902334,41246.75819234041,54895.48601225183,1.0000122843141743,
