parameters,mean,std,mcse,ess_bulk,ess_tail,rhat,ess_per_sec
beta.1,5.223944977704719,0.0909578958495745,0.001323425620227998,4745.832350124535,6542.84176091933,1.0001017784047859,
beta.2,0.6165927229541935,0.197142898195335,0.003681465584045674,2877.447305250147,2975.0294374736313,1.001242179810007,
beta.3,0.28718914156626607,0.24380659744811756,0.004407944624616669,3065.7125979541293,2938.893287219721,1.0007824355785524,
beta.4,-0.5267251783783323,0.12158153218396076,0.0016363314697200215,5549.7801505704665,6608.243245133815,1.0002819316191003,
sigma,0.3480673187276114,0.0396752342239858,0.0004718318760034247,7143.118341188007,9056.744286031737,1.0003656924142543,
