parameters,mean,std,mcse,ess_bulk,ess_tail,rhat,ess_per_sec
beta.1,87.6336949920856,0.9147251586935667,0.009438918702994039,9413.202055874715,10868.718678694184,1.0004292458028623,
beta.2,2.9298533744951474,2.4532685391156845,0.02591699315122732,8973.356274071028,9209.825331930057,1.000205101015018,
beta.3,0.5877307235711435,0.06126438216717418,0.0005214839477443088,13816.063515236803,14725.985758354667,0.9999828378456276,
beta.4,-0.4787629633559699,0.16426005914562433,0.0015779540606966542,10843.845888940932,12319.44096862641,1.0001365233997208,
sigma,18.031796973067827,0.6199166407609229,0.005152368355572785,14528.172765765607,14500.973596310445,1.0000107389395143,
