parameters,mean,std,mcse,ess_bulk,ess_tail,rhat,ess_per_sec
beta.1,87.64367985873587,0.9128530273420804,0.0033397743048911056,74724.54600114466,83184.27955108711,1.0000174830651207,
beta.2,2.8319579199726856,2.4233621298751027,0.009284124596709657,68131.59703551076,74254.98434732837,1.0000012291712435,
beta.3,0.5884378734062434,0.060800958679310485,0.0001862071920414581,106651.9091394759,115585.94779799606,0.999999002133088,
beta.4,-0.48447907760704295,0.16283613619929355,0.000568697235529157,82016.48077300351,96688.83224564596,0.9999985102127013,
sigma,18.02157026038359,0.6173661964624393,0.0018249051385588963,114639.1458290738,119614.95836114253,1.0000022433009437,
