parameters,mean,std,mcse,ess_bulk,ess_tail,rhat,ess_per_sec
mu,5.051253227463208,0.12348601745929923,0.001096657395105064,12695.007564842386,13593.261073199912,1.0001050421027238,
alpha0,1.4671623100957096,0.5583894481839401,0.005949439571388799,8848.39160867318,10862.487805329587,1.0000024199281607,
alpha1,0.5696866470286223,0.12625716714974866,0.0013507781665310276,8785.712804081566,10618.06553942687,0.99996172610643,
beta1,0.29108775431783135,0.12168454689775483,0.0012937967537012265,8751.387405877167,9124.140717901098,1.0000805792233436,
