parameters,mean,std,mcse,ess_bulk,ess_tail,rhat,ess_per_sec
mu,5.0510076976968765,0.12328044178651468,0.0003974822352134262,96328.05409703108,107161.46324956123,1.0000054142286112,
alpha0,1.4747384083205597,0.5690914761192624,0.0024208991422534736,56621.764619278314,67439.4794844106,1.000061392240761,
alpha1,0.568636367165724,0.12600028746711756,0.00048712941469954173,66563.28780311382,71710.62115894089,0.9999975306996202,
beta1,0.2908367553254305,0.12275474693628266,0.0005201118387803525,53583.23470696728,57584.52319434602,1.0000079870691443,
