parameters,mean,std,mcse,ess_bulk,ess_tail,rhat,ess_per_sec
mu,5.051586397006359,0.1252898865163114,0.0022227112938571444,3177.163744810472,3538.228376544931,1.0009430911175488,
alpha0,1.4658889617681399,0.5721198645161828,0.01264845593959014,2045.8608548225714,2411.5093609307273,1.0007059797842341,
alpha1,0.5671743439943739,0.1267392282950945,0.0028852166588687386,1928.2871782036098,1706.9738203811946,1.0040506654697312,
beta1,0.2938795703478125,0.12219755496237793,0.0027507223677344602,1939.147758782843,1956.9013734000416,1.0015663018993688,
