parameters,mean,std,mcse,ess_bulk,ess_tail,rhat,ess_per_sec
rho,6.898470430881156,1.2979892076122648,0.01058611466645541,14934.640056752723,14852.53026261968,0.9999695340995127,
alpha,2.4330088618844337,0.7904509882858445,0.006602722470129881,14877.963880786916,14761.1554585584,1.000047861991448,
sigma,1.8253402482427774,0.49914720371225224,0.0040093524272442355,15264.387651465726,15446.992215083797,1.0001822717328157,
