parameters,mean,std,mcse,ess_bulk,ess_tail,rhat,ess_per_sec
rho,6.898125199838907,1.2915067899069985,0.003647320652961488,124705.94443898332,116789.54008368416,0.9999958282582577,
alpha,2.439133717598983,0.7888443527189063,0.0022561517440312932,122292.9762019125,123055.87895282208,0.9999932145722383,
sigma,1.8328524175570995,0.5001241834333783,0.0014228341681212105,122915.83827520997,122966.69448271165,0.9999942915894374,
