parameters,mean,std,mcse,ess_bulk,ess_tail,rhat,ess_per_sec
beta.1,25.731206784252763,5.895363086291827,0.34054230666827207,307.81015624230474,307.9659532646876,1.001225556030158,
beta.2,0.6107694922986271,0.05811629198162139,0.0033274324937757507,311.4574785706597,277.98074845094607,1.0003248756555914,
sigma,18.28746388808709,0.6201244402177845,0.014241713317954952,1942.7557848829142,1933.1765705377802,1.0000512522880667,
