parameters,mean,std,mcse,ess_bulk,ess_tail,rhat,ess_per_sec
beta.1,87.64652073701674,0.8780674079673978,0.018877901858203882,2163.7572989879754,2389.5652629393044,1.0023240114319183,
beta.2,2.8313356823523863,2.419817325373721,0.05099923352914438,2249.281107037883,1948.2412867592388,1.0001365934605424,
beta.3,0.5882265906566321,0.062057622591192255,0.001064922006586236,3398.7148475616914,3517.2497900103376,1.000101897190196,
beta.4,-0.4838854129359445,0.15870389826108072,0.0032423659385889705,2398.262337535073,2842.492614333329,0.9999826616875188,
sigma,18.02294981523764,0.6066416068515381,0.009965048215085126,3709.337974497101,3802.7726760107275,0.9998707994142023,
