parameters,mean,std,mcse,ess_bulk,ess_tail,rhat,ess_per_sec
beta.1,5.170086698451565,0.08779903430620274,0.00161826067292186,2955.6603577528103,2873.88937637186,1.0002255326946439,
beta.2,0.7218498072648214,0.05830577997240133,0.0010892859916516462,2875.4120378098637,3182.2128658531074,1.0011453922636282,
sigma,0.42703848012104184,0.047608363440990766,0.0009140814465052153,2748.090117193182,3384.847562094863,0.9997778477355308,
