parameters,mean,std,mcse,ess_bulk,ess_tail,rhat,ess_per_sec
beta.1,25.58912711636409,5.801920069519569,0.1136246186342356,2601.3105663386114,2572.9326315286,1.0001400156319225,
beta.2,5.906773399937949,2.1917216245258886,0.03813928525081531,3307.485537696745,4786.375601633263,1.000239003125528,
beta.3,0.5656102643756331,0.060079774386467666,0.0011952319286596914,2514.7245648297,2585.648662180066,1.0000813263415655,
sigma,18.1512069256074,0.6203590750680585,0.006971843341812522,7909.73829882394,9185.49660306967,1.0000556635423952,
