parameters,mean,std,mcse,ess_bulk,ess_tail,rhat,ess_per_sec
beta.1,5.724140557385683,0.7735968035026579,0.13536573423947323,3.1028317099380422,1.837386407799102,1.7241729722715873,
beta.2,26.58090380684989,59.17485588900068,11.631139058834261,1.7045928294300714,1.6108892647666788,1.7241729722715873,
sigma,32617.303255045077,7294.172841976772,5741.821449168127,1.7045928294300714,NaN,1.7241729722715875,
