parameters,mean,std,mcse,ess_bulk,ess_tail,rhat,ess_per_sec
beta.1,-60628.523386477245,9641.488425643824,785.2261100398969,175.47800979647184,107.80982698023847,1.0018015281952182,
beta.2,1252.3261961148621,144.29796736260386,11.751015019463779,176.23885313479153,111.06585370832258,1.0020259250296857,
sigma,18886.456902897648,383.02186051744127,7.4454232907179305,2652.432214536013,2178.664379600093,1.0004288309694858,
