parameters,mean,std,mcse,ess_bulk,ess_tail,rhat,ess_per_sec
beta.1,-728.611758284222,146.228035593621,6.274384179629438,540.7747184191254,624.7279410610408,0.9999436653418865,
beta.2,189.26337769643396,111.54849785532292,4.731586414637813,555.2396466163061,526.594269007418,1.000970509046444,
beta.3,365.83954123581395,125.88057092826237,5.859242890906183,459.12994327071203,473.80693899598407,1.0021359543761168,
beta.4,348.17080406041896,216.38415502939523,12.357094513856223,308.318841939202,284.19213768149154,1.0034527096352874,
beta.5,-92.4325499596292,179.81389911194896,11.127583477516255,277.8011014593613,164.95348149804647,1.001731467760203,
beta.6,132.25512250254644,35.97644581473034,1.5085852069869425,578.9504847450634,584.9954404600768,1.000618306013698,
beta.7,-356.33848488423473,100.39603616236238,4.221719268766377,570.8317354037888,713.5660399922355,1.0012156878451612,
sigma,276.99840609674965,32.53075516168965,0.7457904485616426,1919.0340785115986,2652.55824488578,1.0006348227379924,
