parameters,mean,std,mcse,ess_bulk,ess_tail,rhat,ess_per_sec
beta.1,-727.6241889693421,153.28926628658223,3.2982443848516296,2174.3421455251932,2358.745910629151,1.0000638451612447,
beta.2,190.1200822893119,119.55640179512751,3.2647248181818265,1383.2803333642516,1020.4499038749121,1.0018009937885244,
beta.3,368.5474139520745,132.00470191956265,3.747825710915482,1373.6461850034839,1050.1394431006597,1.0014299488289506,
beta.4,349.73641570895893,214.23350500981667,4.735523854682878,2053.1207063071,2227.0222135458753,1.000249066893399,
beta.5,-95.50046264605065,193.65766190788318,4.4404252122331105,1914.582345482298,2163.123493795665,1.0004485170857464,
beta.6,131.08671455728032,36.079044079946144,0.6894152313904562,2774.455400157492,3029.6438437892944,1.0007229559404196,
beta.7,-362.3210082446712,105.45610659017277,2.1670808852113326,2374.5112780468453,3407.495518461769,1.0004067121445304,
sigma,277.78698526336825,32.18152406909615,0.35165741062844413,8568.203731520991,10421.707178577024,1.000058215373133,
