parameters,mean,std,mcse,ess_bulk,ess_tail,rhat,ess_per_sec
alpha,-0.0008169068872928797,0.010793726913744599,4.156753890570419e-5,67439.6347751395,78648.63397123425,1.000132780925467,
beta.1,0.6909176443616998,0.07101201332647641,0.00047773128692869826,22156.918346904757,27971.290560474208,1.000194968335765,
beta.2,0.4414819148644378,0.08693680959712055,0.000577236203001733,22837.257858253186,27995.13955068914,1.0001129530890651,
beta.3,0.10478133091132097,0.09232736634213422,0.000579068488654412,25453.648962340267,35754.78372800737,1.000013736969468,
beta.4,-0.03669417053262631,0.08558537860558647,0.0005485172933069619,24395.832876455806,31185.830164211053,1.0000033324621405,
beta.5,-0.3005920745733407,0.07009561198103649,0.00045677435970731744,23600.503942648746,31262.80366374732,0.9999985416006273,
sigma,0.15049230600705524,0.007817427596097453,4.065629532187205e-5,37151.33520641205,53528.95925050927,1.000001142959893,
