round,n_scans,n_tempered_restarts,global_barrier,global_barrier_variational,last_round_max_time,last_round_max_allocation,stepping_stone
1,2,0,0.0,,0.3337415,3.23434e7,0.0
2,4,0,0.0,,0.030041916,24992.0,0.0
3,8,2,0.0,,0.075443625,43040.0,0.0
4,16,6,0.0,,0.165382167,56672.0,0.0
5,32,9,0.7613258659115526,,0.31810275,2.2760536e7,56.40147774056975
6,64,24,0.3060364942314624,,0.374053417,1.8554176e7,56.53329929258402
