parameters,mean,std,mcse,ess_bulk,ess_tail,rhat,ess_per_sec
beta.1,-11.984961941011594,13.994822732460984,0.4246972787384292,1081.7436757678186,887.2302086224607,1.0000576680040092,
beta.2,51.79413013822044,15.575327041102435,0.4701944360550642,1095.4321428556582,859.6161855283821,1.0000748645228574,
beta.3,0.9741823630770887,0.15094240437667242,0.004550337742728259,1094.4507348598904,917.9224284099357,1.0000623389902616,
beta.4,-0.4898075160665559,0.16484967146688043,0.004983853118799026,1090.9366747966492,873.4154540332964,1.0000758782945673,
sigma,17.983292261888806,0.616721205264594,0.0037167111929780625,27483.214399742657,38084.41506365643,1.0001117782404687,
