parameters,mean,std,mcse,ess_bulk,ess_tail,rhat,ess_per_sec
beta.1,-12.931574046287457,13.012309310419592,0.8583095896176077,228.38268003279128,191.96336487107945,1.0063203466244977,
beta.2,52.70818139507288,14.789940014760829,1.016218374230858,211.18730247428414,185.01290576010447,1.0034363985296453,
beta.3,0.9842621894873693,0.1401710126344572,0.00913427240760986,233.9533173639776,201.98244280171306,1.0057924994319603,
beta.4,-0.4994994723155712,0.1558458648942356,0.010650034875641229,212.9476379423945,187.12571120677913,1.0034207840949234,
sigma,17.96390517163391,0.6221846571293264,0.009133670016895525,4628.103100681004,6473.990370749459,1.0000830642753336,
