parameters,mean,std,mcse,ess_bulk,ess_tail,rhat,ess_per_sec
mu.1,-2.7339430081531577,0.04123610804128487,0.0007791320201724952,2806.4194468426967,2991.191766785769,1.0007118001316806,
mu.2,2.8706822936335357,0.054762196394713115,0.0008795494625899273,3885.7785305788343,3726.3625470152197,0.99997675509772,
sigma.1,1.0293508426796554,0.030479729257990893,0.0005646524220912834,2894.96163649408,3527.562663430125,1.0025794703953954,
sigma.2,1.0219654878547728,0.04055613077765412,0.0007463783778417458,2952.775006459345,3268.8084736712094,0.9997827441208721,
theta,0.6213721464348239,0.01603552661277137,0.0003062350838128598,2745.043433526918,3074.5644934743004,1.0008307493848596,
