round,n_scans,n_tempered_restarts,global_barrier,global_barrier_variational,last_round_max_time,last_round_max_allocation,stepping_stone
1,2,0,0.0,,0.466146125,3.23434e7,0.0
2,4,0,0.0,,0.27766775,24992.0,0.0
3,8,2,0.0,,0.372267709,43040.0,0.0
4,16,6,0.0,,0.884230792,56672.0,0.0
5,32,1,1.8279646822216986,,0.621001833,2.5381432e7,-1637.800346814966
6,64,0,2.461832837354728,,1.083071125,2.4095072e7,-1633.248060369123
