parameters,mean,std,mcse,ess_bulk,ess_tail,rhat,ess_per_sec
alpha,-44.07186697546028,33.76844146632694,3.716653979326384,103.70613787607262,133.96942948878953,1.0880853059801692,
beta,0.013405123287345649,0.008479141520824721,0.000933242718805268,103.73637197218541,133.5036436427349,1.088040813695434,
sigma,1.12731258008061,0.10068238789208644,0.004419442700549787,472.71168549644483,993.0376941743548,1.030787306847069,
