parameters,mean,std,mcse,ess_bulk,ess_tail,rhat,ess_per_sec
alpha,-58.241227948517285,30.394094084859145,0.964163793957794,1000.2390420312194,655.2847358305128,1.0102909702965388,
beta,0.01696284051831854,0.007631809636892481,0.00024208138136783963,1000.286110078626,655.5980597965996,1.0102800344671408,
sigma,1.1287087581906325,0.10398685833893759,0.002263695843795359,2410.548229938511,1176.6769152036204,1.0103608740259316,
