parameters,mean,std,mcse,ess_bulk,ess_tail,rhat,ess_per_sec
mu.1,-2.733022017981981,0.04228375268708715,0.000145301339493684,84705.98250790272,100396.36772653158,1.0000285603105379,
mu.2,2.869482338574432,0.054286313055101273,0.00015603519724261458,121070.88403887913,118434.23284652084,1.0000010856071804,
sigma.1,1.0285608776216137,0.031413042298066685,9.988692202378732e-5,99061.86019613782,109213.74397566741,1.0000126411234922,
sigma.2,1.0235764022631484,0.040490467222332,0.0001332278171821363,92456.71383029336,105556.9506283072,0.9999925465453943,
theta,0.6213364125966218,0.015369122755552383,5.144039095259293e-5,89255.52557487573,99466.40757128558,0.9999964270454867,
