parameters,mean,std,mcse,ess_bulk,ess_tail,rhat,ess_per_sec
mu.1,-2.73341013415438,0.04254329661851136,0.00041031181584260637,10752.905662736712,12701.184057674225,1.000082774949023,
mu.2,2.8700140819062456,0.054048016426800315,0.00043611397831070156,15372.535221156235,14557.556155508875,0.9999589578749756,
sigma.1,1.028930597950086,0.031591465446023724,0.0002847703000996113,12353.571818306433,13374.394989743449,0.9999875258427203,
sigma.2,1.0229370132544864,0.039812330487570234,0.00036509172137366605,11879.499357248684,13537.28222129078,1.0000514411287003,
theta,0.6213312548024227,0.015585151818839443,0.00014667825619129652,11288.431608044142,12249.246371586842,0.9999989946776666,
