parameters,mean,std,mcse,ess_bulk,ess_tail,rhat,ess_per_sec
alpha,-0.0007701327519633428,0.010403028551804467,0.0002199125113550893,2236.273569087322,2652.286411906957,0.9999626377571101,
beta.1,0.6893896224375776,0.07001879335238474,0.0027801426892566194,633.2537900391702,982.0546778321914,1.0017089623806161,
beta.2,0.4430952475723002,0.08865712015825587,0.003605439233941232,599.006429138319,805.1664973223957,1.0049560144115204,
beta.3,0.10496634657359454,0.09071727874307788,0.0036701374228913257,615.8335238354426,864.4868168966866,1.000181133634835,
beta.4,-0.03476075800491321,0.08846696655850608,0.0036379373725776154,604.3707137062651,703.3424996209224,1.0002810304028962,
beta.5,-0.30248103272875165,0.06846666731470855,0.0025736466141244043,712.7925735328072,1047.651490498891,1.0019314548749552,
sigma,0.15048917734114692,0.007793899243954958,0.0002201719542393892,1264.9136780203467,1710.5655534411885,1.0004424814924993,
