parameters,mean,std,mcse,ess_bulk,ess_tail,rhat,ess_per_sec
alpha,-0.0032122130822503595,0.012118792537586062,0.0038456590028892812,7.838970310354347,35.87906188188755,1.137756701650679,
beta.1,0.6717736346251675,0.05721312980966784,0.014252986904488745,15.528709821233024,31.056680032076994,1.0504172978377704,
beta.2,0.4767021232048104,0.08590088544275411,0.021892856028040947,12.917953503947508,17.775040246377827,1.0639652640464423,
beta.3,0.08839726148379258,0.08625891640149376,0.02163391733090292,17.654505453182654,12.095256239283684,1.0918734234608696,
beta.4,-0.03610838146482142,0.06880025928118062,0.024714149845414132,5.599952113560186,16.914346609830826,1.1913908454982867,
beta.5,-0.29980360781956183,0.06872130169989493,0.015496551672132153,19.650579150111405,31.056680032076994,1.0872177930279425,
sigma,0.1523545085171553,0.007225040840816496,0.002202741669741961,14.847194342787565,36.05459251121829,1.088251170867435,
