parameters,mean,std,mcse,ess_bulk,ess_tail,rhat,ess_per_sec
beta.1,5.169346152980226,0.08668234787054624,0.00029010735958330926,89433.33045604062,104516.29405384818,1.0000377424411422,
beta.2,0.7226840621513295,0.05651839065211348,0.00018503869592264994,93428.59367121501,108987.25938322693,1.000023741646243,
sigma,0.42654750471765257,0.04743124972799075,0.00015257306188770552,97196.92483528242,108905.29562042905,1.0000199376634575,
