parameters,mean,std,mcse,ess_bulk,ess_tail,rhat,ess_per_sec
beta.1,5.170000683074656,0.08617426775021578,0.00078692905144847,12010.631166276942,13803.22556820488,1.0000290616700633,
beta.2,0.7222392998559288,0.056556130762082844,0.000514617623392271,12117.808628537061,13677.969353096085,1.0000873764502853,
sigma,0.42575682293728145,0.047406045475585294,0.00044389306994373413,11475.49642970888,12793.905861259831,0.9999434842535263,
