parameters,mean,std,mcse,ess_bulk,ess_tail,rhat,ess_per_sec
beta.1,0.5535123398148244,0.2501227680351001,0.21325586108234829,1.4640175430081084,12.23983034509351,2.1318888822092226,
beta.2,0.13824957605379914,0.0037359405463989886,0.0031479969087701556,1.4624878940370727,17.30861504907308,2.1318899485096625,
beta.3,-0.22925018135205377,0.06307472581948272,0.015255467683182698,18.11596308202465,31.056680032076994,1.0175287133485083,
sigma,0.9387334677524388,0.01859382303904615,0.004666715567916334,23.16196974797139,16.914346609830826,1.0429453670138826,
