parameters,mean,std,mcse,ess_bulk,ess_tail,rhat,ess_per_sec
beta.1,8.150917113377936,0.6211521298268126,0.01459713321698775,1827.1721977393504,1176.4309839579191,1.000683434661143,
beta.2,0.020686084177996687,0.009599615046116432,0.00022701497330246872,1803.35585395484,1145.1164058411694,1.000732504004284,
beta.3,0.4228367089963899,0.07320602967119554,0.0015167857829343201,2334.158550908929,1719.065201077156,1.001032162675842,
sigma,0.882054910502341,0.018279848159522098,0.00020263582959750931,8207.884249140823,11055.272467719455,1.0000961524762237,
