parameters,mean,std,mcse,ess_bulk,ess_tail,rhat,ess_per_sec
beta.1,25.828825294564602,5.967366148910118,0.05172990361245871,13235.813295871694,12080.701822160789,1.0001529162786351,
beta.2,0.6096870034200558,0.058995006760706195,0.0005084064189282234,13397.617047137333,12731.652182494532,1.0001655234001925,
sigma,18.283408032090556,0.6238159876759214,0.0026558117430223772,55167.86211291915,72788.3352631068,1.0000390737689726,
