parameters,mean,std,mcse,ess_bulk,ess_tail,rhat,ess_per_sec
beta.1,5.775955849991119,0.45269974006562946,0.04976286483402615,77.88932389270619,48.618619152744635,1.0064325895534438,
beta.2,0.05885145690271454,0.006751733917528503,0.0007403815346790125,78.37480961222393,47.84083948401212,1.0062688014363648,
sigma,0.8943137835504327,0.01865535568893132,0.0008963158050985432,435.9056879660029,774.0797897962657,1.004094736006236,
