parameters,mean,std,mcse,ess_bulk,ess_tail,rhat,ess_per_sec
beta.1,1.1194412188582732,0.19902253459188163,0.1764964154110205,1.462299416854321,11.0351540433668,2.1318645147033437,
beta.2,0.1282747245239843,0.0029433923047747913,0.0026041922494744597,1.4732470373139828,12.387902439024398,2.1318645147033437,
sigma,0.9269247143938619,0.019556875633405375,0.011864100890170438,2.8134278242011166,17.622094233571577,1.370075065511002,
