parameters,mean,std,mcse,ess_bulk,ess_tail,rhat,ess_per_sec
beta.1,5.770256689309926,0.450061157799871,0.013386251304585635,1128.555016686172,960.8390100586533,1.0013722235447993,
beta.2,0.05894037814843782,0.006714146713417674,0.00019886593842869735,1137.6956825149414,947.0419043156787,1.0014715452745353,
sigma,0.8937180083298667,0.0183800486453674,0.0003498596900672263,2767.108683519326,4049.5080208536338,1.0002750396013103,
