parameters,mean,std,mcse,ess_bulk,ess_tail,rhat,ess_per_sec
beta.1,5.776125282013917,0.4494866068126407,0.005716804955524244,6150.483257815064,5226.786501160465,0.9999965040381955,
beta.2,0.058854595463227355,0.006703775410789012,8.524796310958323e-5,6155.3586715152605,5328.531312628097,0.999994450075302,
sigma,0.8938732864003336,0.018283420211809953,0.00013884400546413923,17362.585008561593,23820.466457554943,1.0000086117334137,
