parameters,mean,std,mcse,ess_bulk,ess_tail,rhat,ess_per_sec
beta.1,2.5123599574602533,0.1929565091752294,0.004774038079078602,1623.2155993953631,1389.5910837875076,0.9999802260603634,
beta.2,0.025501307346873524,0.00287794980962991,7.118463683006834e-5,1625.122058102477,1412.6704905000583,0.99999789216783,
sigma,0.38837846201896525,0.008074544208724825,0.00014950814121700504,2915.269813893169,3780.432024725984,1.000465114304277,
