parameters,mean,std,mcse,ess_bulk,ess_tail,rhat,ess_per_sec
beta.1,2.5114887324212765,0.19788419801976428,0.00300879886597286,4327.849173763096,3642.4196307539705,1.0000854739080576,
beta.2,0.025515877275384992,0.0029525139202356025,4.483024740504698e-5,4339.767461574494,3668.272515068416,1.0000826628774713,
sigma,0.3881920383405093,0.007978180872191034,6.416985006989309e-5,15421.924565829397,20767.285373936305,1.0000232749721985,
