parameters,mean,std,mcse,ess_bulk,ess_tail,rhat,ess_per_sec
beta.1,77.53457870967036,2.066835545475581,0.010144527483912143,41549.9742417845,48919.15909905567,1.0000880126158158,
beta.2,11.793365209501024,2.340931670385744,0.011536101085145722,41255.207675899605,49512.8417071006,1.0000226245138801,
sigma,19.866162444254826,0.6772447978550625,0.002092459434859069,104842.44310845483,112137.52033011614,1.0000101653491071,
