parameters,mean,std,mcse,ess_bulk,ess_tail,rhat,ess_per_sec
beta.1,77.5120071955918,2.0350785257884008,0.024518932513936064,6887.86493382579,7655.456055873716,0.9999931812826566,
beta.2,11.803837452906375,2.2923385220508896,0.027652594144902502,6861.502955449561,7530.5484636546225,1.0000030465203416,
sigma,19.86804568443718,0.6840629648399112,0.005964253260411328,13177.145561553949,13810.735109491325,1.0001821148097727,
