parameters,mean,std,mcse,ess_bulk,ess_tail,rhat,ess_per_sec
beta.1,2.5274818298338415,0.19249059525384557,0.009377509746861575,410.4881423277427,343.2715153747339,1.000928082155708,
beta.2,0.025275169368642145,0.002872878293883919,0.00013954531886258334,413.1779162798225,350.33024732534903,1.0008324542874456,
sigma,0.38798078724163354,0.007823639652291544,0.0002497581300394707,987.2794006350412,1076.5929378106766,1.000306718633924,
