round,n_scans,n_tempered_restarts,global_barrier,global_barrier_variational,last_round_max_time,last_round_max_allocation,stepping_stone
1,2,0,0.0,,0.522026833,3.2342744e7,0.0
2,4,0,0.0,,0.1643005,24800.0,0.0
3,8,2,0.0,,0.290418625,42656.0,0.0
4,16,6,0.0,,0.504863334,56096.0,0.0
5,32,0,2.842770348194105,,0.410186916,2.4417144e7,-646.2544449727175
6,64,2,2.5954783097766247,,0.746126333,2.400912e7,-637.187320620993
