parameters,mean,std,mcse,ess_bulk,ess_tail,rhat,ess_per_sec
beta.1,82.0153916449396,2.293573675142595,0.01405303641182562,26682.36054120673,32438.79520324881,0.9999935477933365,
beta.2,3.8347586987656603,3.093359127999135,0.0176568732383522,30712.070947106986,40482.09379492349,1.0000132478468604,
beta.3,11.4759547884112,3.567864419158445,0.020003147002796387,31863.311487863382,41919.13714655406,1.0000143991521058,
beta.4,5.196683325970504,2.693790064475586,0.015990416234972864,28397.267166002912,37471.537335458896,1.0000014960430117,
sigma,20.286250556206063,0.6971198305213276,0.002197314314518787,100756.51969054244,108901.38022505103,0.999993713050443,
