parameters,mean,std,mcse,ess_bulk,ess_tail,rhat,ess_per_sec
beta.1,81.99113399595491,2.3600016893071754,0.03704047798244219,4041.8733175445623,5509.086563225767,1.0000768512055132,
beta.2,3.904512361932291,3.1611378813818747,0.044322312724952864,5083.0132239670465,6555.313521703105,1.0002182433381288,
beta.3,11.518698565594006,3.6095946510449934,0.050556765227116274,5089.234988659819,6298.998197295333,1.0000650000136022,
beta.4,5.2072703920870875,2.763214061037848,0.041963282457950044,4328.001429904857,5842.294372729778,1.000022347154478,
sigma,20.284072016268585,0.6979468844647985,0.006164015206939329,12836.372838871868,14393.533928369354,0.999944120039633,
