parameters,mean,std,mcse,ess_bulk,ess_tail,rhat,ess_per_sec
beta.1,86.82458650274852,1.2196652827013996,0.005529476300736925,48667.64635512001,59605.992236542006,1.000016704694628,
beta.2,2.8446103300863106,2.434223188437228,0.011522440298047236,44628.90905112794,54837.42752883579,1.0000087064766885,
beta.3,0.7264882809312713,0.081596793935305,0.00033059981569172656,60929.633334932725,83954.47384180916,1.0000490067011847,
beta.4,-0.4844354229982253,0.1626748416052544,0.0006765201277304429,57818.650791820844,79106.07233512675,1.000021912846879,
sigma,18.022258378467292,0.6150759363427926,0.0018648251383148963,108969.6529533906,116365.90254569228,1.0000400099990958,
