parameters,mean,std,mcse,ess_bulk,ess_tail,rhat,ess_per_sec
beta.1,86.88016063144727,1.2073499784419064,0.028856260120651775,1759.0600764736707,2021.7854979751983,1.00407911016911,
beta.2,2.758607151540028,2.402007372481805,0.058093687620574125,1709.9186906082089,1984.1812606618414,1.003018035392605,
beta.3,0.7270510176782825,0.07984357719379832,0.0018162615349312562,1907.546671957837,2338.4753331364177,1.0025988534513894,
beta.4,-0.48505100157871495,0.16421219861863576,0.004063473732054561,1633.923231767397,2199.7709329406575,1.0011418228979136,
sigma,18.03510780340386,0.6131619680611199,0.010414671642421937,3467.351443352312,3633.739341141878,0.9997960764912369,
