parameters,mean,std,mcse,ess_bulk,ess_tail,rhat,ess_per_sec
beta.1,9.526621294840183,0.045125086275125834,0.00021110613684958878,45659.74002830396,63731.57668080506,1.0000268737015094,
beta.2,0.06517490815898752,0.05026946188904544,0.00023779830969594782,44699.35413972313,59280.14766077778,1.0000973762203123,
beta.3,0.41994152982257194,0.07286818643465363,0.00031830061249199027,52394.41378410167,73204.9056119197,1.0000842220304254,
beta.4,0.028825199940933195,0.07197461993029963,0.0003256106089078385,48856.8935012753,68693.12036341088,1.0000477740961227,
sigma,0.8821160667799056,0.018162601571728162,6.0951199145898814e-5,88861.02037934656,103583.85904333777,1.000009380122376,
