parameters,mean,std,mcse,ess_bulk,ess_tail,rhat,ess_per_sec
beta.1,9.526517925673126,0.04517275002701329,0.000537320058297722,7072.497923135639,8846.535053726298,0.9999391029025134,
beta.2,0.06505984290651512,0.05010665190803395,0.00061050427038004,6738.311773909271,8719.505196102056,1.0000562878009391,
beta.3,0.4197757463826118,0.07284880513283185,0.0008162994809273239,7963.497662411219,10142.642395653062,1.0000490383724845,
beta.4,0.029484068928422404,0.07158634927732577,0.0008197355256809056,7626.156552868858,9609.148052159597,1.0003189753150423,
sigma,0.8819559243235132,0.018088655789400426,0.00016705876286441545,11722.28892865959,13155.387493680666,1.000246191098262,
