parameters,mean,std,mcse,ess_bulk,ess_tail,rhat,ess_per_sec
beta.1,5.35321915813243,0.1775324844180386,0.0012800099333908413,19448.333110687032,25194.363425621414,1.0000538128650356,
beta.2,0.3922812465130954,0.2931247280727232,0.001940111052947799,23004.656118047627,29560.884894812632,1.0001258709158738,
beta.3,1.1528102101831967,0.218494977421609,0.0014241018014658569,23675.803163905086,32437.3226669395,1.0000315467889371,
beta.4,0.37535748169381755,0.2909369028755143,0.001833325981837599,25370.5165334898,33459.00005752676,1.000012763526018,
beta.5,0.3912771546519626,0.3257847069611086,0.0020415393850729017,25701.434387419966,32367.168286541542,1.0000437748558433,
beta.6,0.10982057606919507,0.127031896135812,0.0006185653481833375,42271.518846975,63338.26566411728,1.0000895043550775,
beta.7,-0.5844899529565342,0.1342087528946689,0.000728732955996681,34068.74984804641,50799.54412493436,1.000086411926855,
sigma,0.3407275340862623,0.04035378533255701,0.0001760260601344813,53583.715740345724,73067.21784657236,1.0000153466591055,
