parameters,mean,std,mcse,ess_bulk,ess_tail,rhat,ess_per_sec
beta.1,5.349496624097839,0.17668601221663102,0.007471636055221871,569.0480621561189,724.3044360742945,1.0012930490012175,
beta.2,0.39561524772175827,0.30229385658890356,0.012551170725942659,586.3344992928337,794.8736707126957,1.0020456253880057,
beta.3,1.1485886426822143,0.22246105643927716,0.009541850919657447,549.5746085056902,716.3791552394156,1.0002191349117555,
beta.4,0.37280187938006437,0.28643739862629625,0.009094547261360539,998.3835244928587,1301.2263760308067,0.9997646179481927,
beta.5,0.3985724318164976,0.3278765910749797,0.011031853812788019,903.5730930750955,894.9535867936231,1.0000873125011724,
beta.6,0.10991060311596851,0.12801381080519406,0.00361629168494835,1266.4162156182886,1982.8027794989277,1.00283648015044,
beta.7,-0.5835082027295301,0.1386679783103221,0.004316932175849482,1038.3251063763169,1477.7439473947534,1.0008055710036483,
sigma,0.34123715711330443,0.04023265566345533,0.0009812384569746222,1694.552743183781,2324.1529727069665,1.000261807199546,
