parameters,mean,std,mcse,ess_bulk,ess_tail,rhat,ess_per_sec
beta.1,8.408765091679571,0.7799206652780258,0.03831634221193512,405.7987801969937,288.2553886945882,1.0045309272526994,
beta.2,0.01669356649716378,0.012066408424386494,0.0005924800848428214,406.25022894181774,286.00230926193933,1.0042398356874935,
beta.3,-0.08361817964987996,1.0848645052383874,0.05325611718121975,395.8385006032628,392.20343124509156,1.004880031994196,
beta.4,0.0075468547413537375,0.016040166867495754,0.0007989883825134403,381.01644579810323,375.3175165066091,1.0055178235857092,
sigma,0.8819762400863597,0.017923685375719096,0.00046910045947172273,1481.9646865364864,1796.5964143905528,1.0043047527870934,
