parameters,mean,std,mcse,ess_bulk,ess_tail,rhat,ess_per_sec
beta.1,7.5464358372457125,0.7402296156714174,0.1840555662966227,17.46103434874889,28.668818226643236,1.2679017703815714,
beta.2,0.030031313301324223,0.011453155811045529,0.002847099632089006,17.46913999346027,29.84796185733071,1.2680799590921792,
beta.3,1.4000515792934374,1.0473279048746766,0.3035947837754349,13.291468428075333,31.148802487929082,1.4879913811123542,
beta.4,-0.014636315530715557,0.015571138722744488,0.004526961879494059,13.259763617819148,29.684769663500663,1.4842995592374095,
sigma,0.8802162703688827,0.019630984338825815,0.002889985399081762,47.02524204498224,126.28939066589984,1.0093437832728853,
