parameters,mean,std,mcse,ess_bulk,ess_tail,rhat,ess_per_sec
beta.1,8.452593622223695,0.8147560061640355,0.02920265924662668,778.204445686358,567.8428334345597,1.0040959773476987,
beta.2,0.016015547953346643,0.012604699670696605,0.00045161299543379274,778.6876798753792,567.8218802274502,1.0041008304988661,
beta.3,-0.17200754603376178,1.2141973616288424,0.043107853742046794,777.20973504286,677.9196103584754,1.005301881594198,
beta.4,0.008856293458615914,0.017966386070819167,0.0006455950115868608,757.7672893354907,647.2565529464447,1.0058158356332976,
sigma,0.8820239606420794,0.018161465102867896,0.0003552805197583994,2618.456180556276,5318.01548403353,1.0005263037585732,
