round,n_scans,n_tempered_restarts,global_barrier,global_barrier_variational,last_round_max_time,last_round_max_allocation,stepping_stone
1,2,0,0.0,,0.519134041,3.2343896e7,0.0
2,4,0,0.0,,0.287137666,25376.0,0.0
3,8,2,0.0,,0.475049709,43808.0,0.0
4,16,6,0.0,,0.9094885,57728.0,0.0
5,32,0,1.8412226189311862,,0.756445959,2.5169736e7,-1637.6398469662506
6,64,2,2.3944488599173157,,1.482267833,2.4870256e7,-1634.497585790208
