parameters,mean,std,mcse,ess_bulk,ess_tail,rhat,ess_per_sec
mu,0.006995597187512798,0.0114112067547474,9.353875234098011e-5,14908.213001304299,15217.235228305623,1.0000014669639319,
phi,0.9568151028095284,0.02307103479758951,0.0001974781993756645,13692.075042409348,14220.653534616426,0.9999944456729835,
theta,-0.03360416392868518,0.05926610305955787,0.0005683547104118314,10874.16917881039,11929.071743094733,1.0000083728306108,
sigma,0.16669478864584175,0.00851394845866245,7.699550176011778e-5,12225.71387877527,13272.337163138083,0.9999642840613713,
