parameters,mean,std,mcse,ess_bulk,ess_tail,rhat,ess_per_sec
mu,0.006707253083488214,0.011352654630754305,0.0001841679109163216,3807.934538220306,3610.4473084641154,1.0004709168567105,
phi,0.9569532414733901,0.02261675263884643,0.0003927549898044155,3314.0008441997265,3778.3442741501913,1.0000819408412838,
theta,-0.032482842013446964,0.05844995541768356,0.0010540970399224186,3076.400563790122,3300.334013513616,0.9998006030069303,
sigma,0.16643054189896422,0.008338771578088834,0.00016236741374477554,2633.028413186611,3182.026026282553,1.0011392521352338,
