parameters,mean,std,mcse,ess_bulk,ess_tail,rhat,ess_per_sec
mu,0.006842065494138883,0.011323747115820362,3.2290010853916653e-5,123051.45460502083,122449.9613121485,0.9999993514504437,
phi,0.9567442730170562,0.022919614335558593,6.840678634596852e-5,112439.04193736902,115979.47705523157,1.0000067826022296,
theta,-0.03363181469841902,0.05942795360861528,0.00019332432956870263,94588.63133067067,102176.6381882634,1.0000054753693983,
sigma,0.16658001589857446,0.008499534440745289,2.7274800939263727e-5,97504.81726186266,103689.33756997733,1.0000020730815578,
