parameters,mean,std,mcse,ess_bulk,ess_tail,rhat,ess_per_sec
beta.1,81.88420946815378,2.30082353514231,0.08272121107714621,814.6008383270481,930.091377133742,1.0021384158864601,
beta.2,4.004740535479227,3.1320091338872413,0.10029937162812798,983.8861885664055,1094.0009869122055,1.0012541489535853,
beta.3,11.5734174028949,3.606516366975883,0.11490026653853537,978.2889899758002,1381.0871121923296,1.0029991843041708,
beta.4,5.358314476537518,2.680851186733473,0.0893869033317118,897.1612448105842,971.8266631439949,1.0027998644901575,
sigma,20.308105242733603,0.7079001115604795,0.012639727722104914,3163.7956502436164,2968.918671661393,1.0000181794900098,
