round,n_scans,n_tempered_restarts,global_barrier,global_barrier_variational,last_round_max_time,last_round_max_allocation,stepping_stone
1,2,0,0.0,,1.592468542,3.2376336e7,0.0
2,4,0,0.0,,0.702561375,54368.0,0.0
3,8,2,0.0,,1.920689458,101792.0,0.0
4,16,6,0.0,,3.27756625,173504.0,0.0
5,32,0,3.3513771079967123,,2.7064035,2.0300904e7,-7404.268319527974
6,64,0,3.39097171293998,,8.571142,2.1749968e7,-7167.866487751966
