parameters,mean,std,mcse,ess_bulk,ess_tail,rhat,ess_per_sec
beta.1,5.225133634101763,0.09020985222310797,0.0029820851654508303,916.3651451535698,1238.0560667321638,1.000586986270507,
beta.2,0.6156480097229821,0.1922056220104502,0.0074963964778722485,679.3243331664639,519.5118040631988,1.001692030227643,
beta.3,0.28648057571671093,0.24040082649926794,0.009316352064107667,679.3897555800828,545.9798047220545,1.0012970357569229,
beta.4,-0.5232199888067128,0.12121451122694775,0.0035629871286024873,1176.9788154615442,1815.7152908063958,0.9998002667915209,
sigma,0.34585143728520007,0.03922522252131026,0.0010082259384414786,1492.3681939833623,1941.6877687568149,0.9999145964918064,
