parameters,mean,std,mcse,ess_bulk,ess_tail,rhat,ess_per_sec
beta.1,0.9994449447164179,0.0009532227837941726,7.872361512272063e-6,14675.994765388125,14894.097722149743,0.9999455879077512,
beta.2,1.000212166047346,0.0011508266726834781,9.800997299559753e-6,13790.823941541134,15036.85149902101,0.9999494560664782,
beta.3,1.00045135944777,0.0009511585223105445,8.066313898766142e-6,13927.519212896024,13435.278041303358,0.9999582374722042,
beta.4,1.0011383197867305,0.0010621417861292981,9.02342339967513e-6,13858.033130533775,14667.63732709701,1.0002201769332002,
beta.5,1.0015418599989334,0.001047862690810995,8.813128992840406e-6,14142.745332735612,15400.840724682657,1.000273808749711,
sigma,0.9644050533470678,0.07147921172068589,0.0007030287378132972,10410.969377330495,11370.712506764057,0.9999484659984302,
