parameters,mean,std,mcse,ess_bulk,ess_tail,rhat,ess_per_sec
beta.1,0.9994526174004607,0.0009803667977169397,1.6965461509734435e-5,3432.9075662709242,3636.1197946546026,0.9998400811632603,
beta.2,1.0002453394327244,0.0011271661011806905,1.8794062685199564e-5,3600.9556359388775,3387.734142916201,0.9998454960817,
beta.3,1.0004622469497844,0.0009526198700267355,1.688155052129511e-5,3198.813536777221,3049.481982843065,0.9999608141123345,
beta.4,1.0011278002827622,0.0010512643813897268,1.7882286989869626e-5,3451.309734943522,3474.3414963341156,1.0007860905386061,
beta.5,1.0015153320097936,0.0010329648373834756,1.737381815714402e-5,3537.018924614001,3637.1576295842983,1.0003334110241036,
sigma,0.9645309213251865,0.07098969413256766,0.001356877079728084,2748.124692725467,2701.668031257855,1.0001931580279058,
