parameters,mean,std,mcse,ess_bulk,ess_tail,rhat,ess_per_sec
beta.1,0.9994648875674319,0.0009644854460411924,2.8427489641189853e-6,115152.37029956136,121631.77130519575,0.999998690034199,
beta.2,1.0002298469437885,0.0011527998539844191,3.4118143237832e-6,114198.51795141427,120178.56912652338,0.999996436306056,
beta.3,1.0004366646516472,0.0009560012145940837,2.8256534691908746e-6,114491.72347220732,118594.79685526702,0.9999962608625823,
beta.4,1.0011375832839784,0.001062675779572751,3.1783375564935864e-6,111833.14648920395,119729.68065198719,0.9999969386320641,
beta.5,1.001548342087995,0.001046958832300587,3.1276351546539537e-6,112115.09657040128,121211.26087027734,0.9999964585448364,
sigma,0.964208585740683,0.0715491067484483,0.00024854140564195104,82737.2318525925,89157.29054767366,1.0000426206912416,
