parameters,mean,std,mcse,ess_bulk,ess_tail,rhat,ess_per_sec
beta.1,25.82024078740098,6.066600671686669,0.23317249095055875,692.5748244088976,594.3262813466603,1.005252853744633,
beta.2,5.913622737530309,2.199511797384181,0.07305348033846384,905.5454108977004,1178.6144503828932,1.0025372356422324,
beta.3,0.5632283117773151,0.06173060564159338,0.002361399872765292,688.3535168258732,622.7648090149557,1.006093801518715,
sigma,18.15418955878079,0.617356500985704,0.01636218557519279,1410.3306927615072,2295.5037732849396,1.0007109126641611,
