parameters,mean,std,mcse,ess_bulk,ess_tail,rhat,ess_per_sec
beta.1,5.304848279230235,0.1716584123949013,0.0018700048110678567,8582.667080725696,9712.21810532387,1.0000443040898142,
beta.2,0.3833001168074799,0.2934037891850884,0.0036030211782919676,6789.138389926851,6568.664464780625,1.000055981472142,
beta.3,0.4146959731580516,0.3066034546895316,0.0037120198771086873,6959.274176395538,6872.795598876972,1.000038883855836,
beta.4,-0.3107124447031603,0.23119051094464144,0.00196367838084431,14014.296429569042,17217.9373284743,1.0000113424259698,
beta.5,0.42579670203034037,0.3259052925928538,0.0033812533876779603,9554.082172019836,10814.184694756606,1.0000330589883035,
beta.6,-0.5376782954566761,0.12326426295264567,0.0008814202699078981,19657.566286724177,28588.738908804702,1.0000363021036889,
sigma,0.3395793171446928,0.039512454840515895,0.00023340682993057098,29283.78053364485,43007.33932161721,1.0000027957446165,
