parameters,mean,std,mcse,ess_bulk,ess_tail,rhat,ess_per_sec
beta.1,5.314987784746509,0.16211608430115898,0.008098877224658936,399.6493649279532,652.2835426377849,1.0030396152399692,
beta.2,0.4035650885372849,0.29439500391735246,0.014792858969413066,403.4977707590302,304.87185802429866,1.0017665433773817,
beta.3,0.39396554143588064,0.3098851786010136,0.015616383051283583,399.8055663810436,326.0272910817086,1.0023384195954703,
beta.4,-0.3174038870822707,0.21660276180007718,0.009368997979963607,536.141977645245,861.6677547118668,1.001179532827344,
beta.5,0.4088275642549263,0.31731712089507347,0.014084977170818084,513.8372791325147,502.5536636844612,1.0004663949398944,
beta.6,-0.5441691959666519,0.12008202616799274,0.004291226718249382,782.9990162338332,1302.5887580321785,1.0002128156983128,
sigma,0.33767919734766705,0.03856306743131479,0.0012957501512840743,853.1433274599918,1244.425446190121,0.9998662495216661,
