parameters,mean,std,mcse,ess_bulk,ess_tail,rhat,ess_per_sec
beta.1,5.306421190789994,0.16765183988336235,0.003921383221118111,1825.6821648579353,2262.84386698843,1.0005180169174535,
beta.2,0.38178403920978277,0.27734406215066726,0.007428827071864033,1409.380407435949,1787.134795263922,0.9999649491274722,
beta.3,0.4148309011288077,0.29456218317922356,0.007562924394622585,1523.0495615886184,1889.5398587549262,1.0000624907107991,
beta.4,-0.3145124944357087,0.22621658445528178,0.003948772816334685,3297.196831189275,3950.878867044267,1.000266733329704,
beta.5,0.42824793944784223,0.307598498845326,0.007125130503563262,1881.1322273447497,2627.7218434174597,0.9999766049959768,
beta.6,-0.5371974816017787,0.12386592610979397,0.002087587623696076,3525.2153289270286,4784.588992695337,1.0000643710218968,
sigma,0.3391584266569535,0.04006083725289984,0.0005650996247120721,5029.800384315475,7373.145071249522,0.9999981918008757,
