round,n_scans,n_tempered_restarts,global_barrier,global_barrier_variational,last_round_max_time,last_round_max_allocation,stepping_stone
1,2,0,0.0,,0.883711125,3.2370112e7,0.0
2,4,0,0.0,,0.424523084,31392.0,0.0
3,8,2,0.0,,0.775926084,55840.0,0.0
4,16,6,0.0,,1.907857042,74880.0,0.0
5,32,0,3.5533964795825694,,1.122800291,2.6225272e7,-4561.749888686757
6,64,0,3.6986232363491593,,2.728583291,3.061512e7,1252.9553764750706
