parameters,mean,std,mcse,ess_bulk,ess_tail,rhat,ess_per_sec
beta.1,-15.58374567897684,12.864883763834898,2.0570148025448094,37.43153066118483,25.965319891352227,1.1019784861549824,
beta.2,55.47356518345029,14.581870583598429,2.2489650719338883,40.56560319157877,33.53935264124769,1.0978906092925278,
beta.3,1.012502474917292,0.1381475478270419,0.0221546770561333,37.477395210514935,27.50765803961726,1.1008910601865192,
beta.4,-0.5289666346980528,0.15354087179206552,0.02399710620649775,39.83112235440233,34.75301780880868,1.1044947083618681,
sigma,17.958806455558896,0.6190807858330908,0.01935912689841634,1035.2728360414028,1519.5931845795062,1.0016533351110226,
