parameters,mean,std,mcse,ess_bulk,ess_tail,rhat,ess_per_sec
beta.1,5.353119815138126,0.17992146354988492,0.004446250903021216,1685.9820169351683,1718.880872002932,1.001109434701452,
beta.2,0.37498750571438466,0.2965582661704994,0.007901751750906422,1459.7691522187747,1643.9525181870983,1.0014890145115138,
beta.3,0.3967453903125173,0.3111092247881287,0.00820283444687802,1487.6722570560928,1561.526785627168,1.0013358122241276,
beta.4,-0.3824698457307882,0.23982022250283763,0.004794348419092015,2532.683608769528,2509.3311627016847,1.000034029350659,
beta.5,0.3953179807828857,0.3275869323804027,0.0075693883594638136,1883.4417162981374,2235.750705699846,1.0014407252655226,
beta.6,0.10733069903677675,0.12554451338913186,0.0019799539895231978,4081.5386575029415,5513.953711123168,1.0000865483668082,
beta.7,-0.5814817541330205,0.13490166899616807,0.002476343732642444,3008.803546781639,3586.7793411873536,1.0003499865556138,
sigma,0.3406042841870624,0.03990809984150141,0.0005948805966207737,4633.310963467983,6275.937650674534,1.0008302663779816,
