parameters,mean,std,mcse,ess_bulk,ess_tail,rhat,ess_per_sec
beta.1,5.3495554526826945,0.1776542162507838,0.0017901881461065811,10070.297341439467,12034.045556777806,1.0000255661313107,
beta.2,0.36803591183684936,0.29349906295200284,0.0032159536203666653,8596.269203161897,8760.963167947926,1.0002630372789971,
beta.3,0.4037696108875204,0.3080169345181002,0.003343383186595453,8767.618589251677,9495.575535760132,1.0002203102418594,
beta.4,-0.37750244870111016,0.2384571874402143,0.0018854965587617191,16087.070980095918,21793.10327752574,0.9999980161452444,
beta.5,0.3992219791050028,0.32676047479118014,0.0031037068805196424,11251.05413056103,13529.916014424969,1.0000650392033947,
beta.6,0.10914727736726823,0.12636384755474692,0.0007423984063201242,29078.468970380913,43097.48661586935,1.0000384046205226,
beta.7,-0.5817110962195473,0.1330263981411927,0.0009415206316564206,20134.219238413836,30381.00992460214,1.0000601898148107,
sigma,0.3404158663501461,0.040235361893969084,0.00022488363961896684,32619.241578533936,46353.09178787816,1.0000020945569421,
