parameters,mean,std,mcse,ess_bulk,ess_tail,rhat,ess_per_sec
beta.1,5.360003839298134,0.17859461406646698,0.008562518038366357,446.4295988199697,466.8210298357826,1.0029391941285681,
beta.2,0.3692052508298519,0.30002434266916334,0.014691866809734869,429.7238942693106,254.92958371075903,1.003343230073057,
beta.3,0.4028080142898299,0.3148482999216537,0.01510711125827009,439.24558299366083,338.53705180815956,1.0022195951147386,
beta.4,-0.39093251893306546,0.24057180945010226,0.009174848274641849,695.6272730701722,833.1866448564348,1.0022138671616432,
beta.5,0.3909892822825115,0.3297143800174335,0.015033988993470707,527.4178910435169,267.341657894212,1.0052005623132325,
beta.6,0.11419363614569897,0.13058238152438728,0.0038111728038911024,1141.5734305330586,1834.23781645486,1.0005215205023836,
beta.7,-0.5901017200209371,0.13141932849306961,0.004744928777030886,767.7909355207323,1387.394446923878,1.0010104082212572,
sigma,0.33811561212520375,0.03959267390560975,0.0011104329345405291,1233.273200891136,1683.6395377486306,1.0029875049569783,
