parameters,mean,std,mcse,ess_bulk,ess_tail,rhat,ess_per_sec
beta.1,77.55309068437771,2.0260976613026602,0.05295479267893129,1468.4518010929821,1651.2460852284994,1.0000192250005746,
beta.2,11.760497530639434,2.27926492928908,0.05871995942855964,1506.5730862946853,1823.690948586437,1.0000033798774248,
sigma,19.85807703267806,0.6757952906098377,0.012210821359955618,3082.499678258313,3289.945379926682,1.0000761162530216,
