parameters,mean,std,mcse,ess_bulk,ess_tail,rhat,ess_per_sec
beta.1,87.65142205144883,0.919393094005097,0.018514376621618263,2477.4807910498957,2589.0476688654053,0.9999750510968467,
beta.2,2.319008156061152,2.0264561531592182,0.04354052592694928,2173.8981631354804,2043.6169267756823,1.001881310581231,
beta.3,17.65457231267296,1.8232390662946165,0.03887257704592621,2195.1013854992175,2544.8250750639827,1.0004348285337248,
beta.4,-12.012683594118645,4.087390051597053,0.08726056096483913,2201.4058436152127,2207.626496153607,1.0027486477842191,
sigma,18.034360293028215,0.6146339035615688,0.010122232056698793,3680.036492621013,3782.7548903728707,1.0007793197422323,
