parameters,mean,std,mcse,ess_bulk,ess_tail,rhat,ess_per_sec
beta.1,87.63300139908927,0.9166471400715479,0.009196271036749814,9932.015630072752,10303.352888936512,1.000015088558572,
beta.2,2.329903113658203,2.025506728211532,0.021932238250102206,8538.065239928766,10087.142273670443,0.9999634898886725,
beta.3,17.643646587559466,1.8305878891794762,0.018408990414224988,9906.569193710795,10600.568860878342,1.0001631369834894,
beta.4,-11.995622906626725,4.058875508852368,0.0443093874031769,8419.704046675653,9148.875287589628,0.9999402662922133,
sigma,18.02634821158724,0.6125709897417887,0.005001210554107969,15024.918692161533,14825.792103084967,1.000010035147264,
